claim_id,policy_number,claimant_name,claimant_email,claimant_phone,claim_type,claim_date,description,claimed_amount,assessed_amount,status,settlement_date,assessor
CLM-127121,RAA-195763,Bobby Guerrero,sean62@example.net,0439 790 956,Motor Accident,13/11/2024,Expedita aliquam sit explicabo voluptatum earum voluptatem veniam asperiores odit facilis reiciendis perspiciatis.,43352.33,59974.43,Withdrawn,12-22-2024,Brenda Lawson
CLM-593355,RAA-644173,Cameron Young,michael90@example.net,0493 552 384,Theft,26/11/2025,Perspiciatis veniam fuga quis nemo minus id officiis dolorum.,74772.44,48891.85,Open,12-25-2025,Noah Porter
CLM-999398,RAA-268637,Autumn Hampton,nlewis@example.com,0452 521 810,Storm Damage,24/01/2025,Dicta consequatur asperiores cupiditate quae voluptatum repellat voluptas voluptates pariatur quae mollitia enim error.,21972.23,48851.25,Declined,02-13-2025,
CLM-221552,RAA-910075,Tammy Little,william13@example.org,0461 985 626,Motor Accident,30/07/2024,Ratione ad mollitia fuga rem mollitia nostrum assumenda est voluptatum.,74114.88,32647.1,Paid,,
CLM-755788,RAA-563513,Jason Ortiz,martinezlogan@example.org,0416 308 373,Fire,09/10/2025,Iure maxime consectetur repudiandae mollitia nesciunt quisquam consectetur magnam sit rerum maxime esse cum.,10260.49,52874.63,Paid,12-18-2025,
CLM-844261,RAA-266071,Hannah Everett,meghan43@example.net,0449 664 114,Fire,26/03/2026,Earum numquam nostrum atque odit nihil neque cupiditate numquam temporibus excepturi unde aliquam sint aspernatur.,30895.31,50516.06,Open,05-02-2026,Patricia Baker
CLM-851413,RAA-406039,Jennifer Fowler,ismall@example.com,0475 822 379,Storm Damage,09/09/2024,Laboriosam rem placeat error asperiores animi ipsam laborum dignissimos non est.,62686.93,14775.11,Declined,11-18-2024,
CLM-243139,RAA-173201,William Reed,xanderson@example.net,0445 891 908,Motor Accident,08/10/2025,Autem dolores commodi ipsum consequuntur amet veniam sint in vitae temporibus repellendus ut quam deleniti.,31413.21,30562.71,Open,01-18-2026,Zachary Owens
CLM-613425,RAA-255813,Alexander Landry,nlevy@example.net,0467 651 595,Water Damage,10/02/2026,Aliquid eligendi nisi sapiente perferendis enim ab autem consequatur eaque facilis illo.,25266.78,22757.16,Approved,05-12-2026,Anthony Hoffman
CLM-501574,RAA-344907,Angel Gordon,marcia99@example.org,0462 144 425,Liability,05/01/2025,Voluptate hic recusandae excepturi vel quidem dicta magni magnam.,35736.73,22997.62,Withdrawn,,Chad Cook
CLM-138817,RAA-232378,Brittany Barry,markaustin@example.org,0474 704 439,Motor Accident,01/04/2025,Voluptatibus qui error excepturi repudiandae minus provident error repellendus fuga perferendis voluptatem nesciunt.,7977.16,6162.76,Paid,,
CLM-178463,RAA-592296,Shelby Soto,pbaker@example.net,0443 446 738,Liability,08/12/2025,Dolorem amet laboriosam minima quam quo fugit reprehenderit doloribus nemo praesentium deleniti ipsam in impedit.,30112.51,,Approved,01-03-2026,Jonathan Carr
CLM-757246,RAA-853629,Nancy Brown,aprilhoffman@example.net,0472 993 654,Property Damage,31/03/2025,Minima et cupiditate totam exercitationem explicabo quo quam officia possimus nostrum deleniti doloribus nam.,46500.73,41127.09,Approved,05-17-2025,William Evans
CLM-897305,RAA-764532,Melissa Burns,ybailey@example.net,0422 554 270,Liability,09/11/2024,Enim nemo molestiae tempore hic exercitationem quo corporis aliquam veritatis aspernatur.,22810.22,,Approved,11-28-2024,Mary Burgess
CLM-356059,RAA-656968,Joshua Fitzpatrick,derrick99@example.org,0462 679 798,Motor Accident,12/09/2024,Amet temporibus dolorem doloremque aut ex iusto perspiciatis consequuntur vitae.,13914.24,,Declined,10-07-2024,Brooke Delgado
CLM-711484,RAA-250069,Karen Gonzalez,manuel01@example.net,0439 572 753,Water Damage,12/02/2026,Doloremque qui sed alias ullam in saepe ut alias saepe ratione delectus quibusdam sit enim.,34738.0,53954.73,Paid,,Edwin Morrison
CLM-563187,RAA-462351,Mrs. Virginia Daniels,ismall@example.net,0485 406 754,Storm Damage,21/03/2026,Earum repellat ex quasi officia quaerat accusamus excepturi eos perferendis deserunt nostrum odit illo.,51928.36,18266.88,Paid,,Garrett Morales
CLM-702733,RAA-410244,Charles Morris,adamreyes@example.com,0499 402 122,Motor Accident,12/06/2024,Veritatis error quam accusamus officiis possimus aperiam blanditiis esse illo magnam.,49538.12,34042.56,Withdrawn,08-03-2024,Michele Collins
CLM-620856,RAA-973294,Teresa Richardson,jeffreyanderson@example.org,0446 894 918,Theft,29/06/2024,Quibusdam non impedit molestias iusto modi optio dolor dolorum quidem sit aspernatur ipsum provident.,45726.34,38269.75,Declined,10-09-2024,Justin Brown
CLM-979060,RAA-243423,Christina Herrera,markmeyer@example.org,0490 199 742,Liability,29/05/2025,Quaerat laborum tempore ipsum animi consequatur impedit natus nam perferendis.,3436.98,2195.2,Approved,08-31-2025,Alex Scott
CLM-883790,RAA-535686,Laura Williams,isabella80@example.org,0432 305 235,Motor Accident,01/04/2024,Adipisci illum quisquam quisquam voluptatem officia in voluptatibus fugit sit tenetur fugiat placeat optio.,40685.88,31944.97,Approved,,Martha Bailey
CLM-945664,RAA-409478,Jenna Anderson DVM,avilatiffany@example.com,0453 923 217,Storm Damage,15/08/2024,Incidunt fugit dolorem itaque culpa deleniti soluta quisquam adipisci optio nostrum vel suscipit dolores architecto.,72235.55,,Under Assessment,10-22-2024,Jill Powers
CLM-943671,RAA-684384,Patrick Morales,amberwebster@example.org,0456 192 909,Storm Damage,05/02/2026,Magnam enim repellendus quasi eum nisi perferendis eum error.,1536.94,27396.2,Withdrawn,05-31-2026,Matthew Walker
CLM-489518,RAA-213609,Justin Vargas,conniesimmons@example.com,0496 339 582,Property Damage,18/11/2024,Voluptas velit perferendis ratione eum impedit corrupti.,46656.24,19814.78,Declined,02-14-2025,Paul Wells
CLM-416869,RAA-780776,Scott Thomas,jmelendez@example.com,0462 219 243,Property Damage,18/01/2026,Nam consequatur doloribus dignissimos officia ullam sed at quam deleniti eaque perferendis nobis.,70996.48,29658.95,Open,04-24-2026,Chelsea Gill
CLM-803055,RAA-879238,Claire Clark,kevin03@example.org,0499 653 529,Fire,13/10/2025,Quia quidem totam possimus provident id dolores eum eligendi.,55799.04,,Paid,12-06-2025,Matthew Parker
CLM-134305,RAA-823811,Kathleen Garcia,ugill@example.org,0457 322 554,Storm Damage,03/01/2025,Est aliquid sint qui accusamus mollitia nesciunt quam eos deserunt dolorem necessitatibus.,71316.36,6141.41,Withdrawn,02-14-2025,Juan Harding
CLM-517479,RAA-389282,Roberto Levy,umurray@example.com,0434 225 968,Motor Accident,17/12/2024,Consequuntur molestias delectus suscipit voluptatibus vero minima saepe asperiores.,34376.44,38573.93,Declined,12-31-2024,Amber Smith
CLM-925206,RAA-692002,Crystal Mann,robinsonstephen@example.org,0436 170 949,Motor Accident,14/07/2024,Odit ut totam omnis accusamus minus illum accusantium quam modi enim magnam praesentium inventore velit debitis.,41788.48,48820.57,Under Assessment,08-06-2024,Kelly Allen
CLM-390743,RAA-251716,Robin Adams,zmiller@example.com,0426 653 356,Motor Accident,24/07/2025,Doloribus possimus error repudiandae aspernatur voluptatibus officiis adipisci illo fugiat labore odio praesentium assumenda sapiente.,13500.04,1741.65,Open,07-31-2025,Erin Madden
CLM-282710,RAA-378258,Tamara Hall,enelson@example.net,0416 229 859,Storm Damage,12/06/2024,Tempore natus adipisci ut et vero nesciunt quibusdam quae id aspernatur.,39693.37,28679.51,Approved,06-21-2024,David Davenport
CLM-145471,RAA-862569,Kimberly Reyes,krystalnorris@example.org,0494 633 408,Storm Damage,26/01/2025,Quia exercitationem atque doloremque asperiores non nostrum nisi voluptas eveniet odio quos iste dolorem.,48428.88,,Paid,04-21-2025,Jaime Lopez
CLM-847006,RAA-565108,Angelica Montgomery,jennifermiller@example.org,0419 182 429,Fire,28/06/2025,Quae odio qui et autem a est facere earum consequatur deleniti ipsum.,11550.87,,Declined,,Jennifer Johnson
CLM-656329,RAA-409222,Linda Mueller,asmith@example.com,0468 617 719,Storm Damage,29/12/2024,Quam nam voluptatibus doloribus maxime placeat cumque eaque.,7888.8,51197.01,Withdrawn,03-22-2025,Charles Jackson
CLM-573489,RAA-339592,John Jones,sheryl79@example.net,0462 447 947,Storm Damage,30/10/2024,Itaque consequatur ab id sapiente fugit similique ipsam inventore reprehenderit.,30205.4,18890.39,Approved,12-31-2024,Linda Evans
CLM-597305,RAA-170394,Christina Edwards,snovak@example.net,0421 951 187,Property Damage,11/07/2025,Voluptas quos eveniet eligendi ratione facilis ut dicta voluptatum debitis quisquam ad quas velit.,32674.8,22484.28,Under Assessment,,Robert Guerra
CLM-802559,RAA-228168,Rebecca Ortiz,ttaylor@example.org,0462 462 994,Liability,22/05/2024,Omnis quaerat ratione asperiores voluptatibus laboriosam id magni ullam porro molestiae.,70614.18,54967.45,Open,07-10-2024,Heather Woodard
CLM-632060,RAA-323072,Suzanne Rodriguez,dianekelly@example.net,0429 772 593,Theft,21/05/2025,Aliquid voluptates perspiciatis id quibusdam vitae inventore ab ea magni maxime neque nemo ipsum hic quo.,63621.98,33464.68,Open,08-09-2025,Kathryn Cooper
CLM-127121,RAA-195763,Bobby Guerrero,SEAN62@EXAMPLE.NET,0439 790 956,Motor Accident,13/11/2024,Expedita aliquam sit explicabo voluptatum earum voluptatem veniam asperiores odit facilis reiciendis perspiciatis.,43352.33,59974.43,Under Assessment,12-22-2024,Brenda Lawson
